Patient ID;Name;Gender;Date of Birth;Contact;Email
P001;Lisa Lopez;Female;02/04/1955;08822-8853-2188;lisa.lopez_1@healthfirst.com
P002;Charles Miller;Male;02/08/1970;08864-9235-9509;charles.miller_2@healthfirst.com
P003;David Young;Male;06/05/2003;08719-4115-6442;david.young_3@healthfirst.com
P004;Sarah Anderson;Female;8/27/2002;08236-3848-6790;sarah.anderson_4@healthfirst.com
P005;Anna Lewis;Female;8/28/1951;08708-9068-8358;anna.lewis_5@healthfirst.com
P006;David Allen;Male;3/14/1980;08141-9765-4748;david.allen_6@healthfirst.com
P007;Jonathan Nelson;Male;10/15/1975;08866-4143-9062;jonathan.nelson_7@healthfirst.com
P008;Pamela Baker;Female;4/18/1966;08111-1607-8581;pamela.baker_8@healthfirst.com
P009;Samantha White;Female;12/11/1977;08439-9038-5095;samantha.white_9@healthfirst.com
P010;Cynthia Wilson;Female;12/05/1965;08503-1507-9803;cynthia.wilson_10@healthfirst.com
P011;Thomas Brown;Male;5/27/1965;08333-1873-7794;thomas.brown_11@healthfirst.com
P012;Jack Martin;Male;07/11/1963;08597-4551-1073;jack.martin_12@healthfirst.com
P013;Jeffrey Lopez;Female;10/28/2000;08284-6401-3406;jeffrey.lopez_13@healthfirst.com
P014;Deborah Thomas;Female;1/22/1983;08743-6352-4553;deborah.thomas_14@healthfirst.com
P015;Nicholas Johnson;Male;09/09/1959;08552-1211-1227;nicholas.johnson_15@healthfirst.com
P016;Jessica Thompson;Female;2/26/1967;08639-9845-4898;jessica.thompson_16@healthfirst.com
P017;Justin White;Male;6/30/1998;08675-1245-7755;justin.white_17@healthfirst.com
P018;Ashley Young;Male;10/31/1981;08525-2160-5050;ashley.young_18@healthfirst.com
P019;Nancy Clark;Female;10/12/1978;08731-8042-6332;nancy.clark_19@healthfirst.com
P020;Stephanie Mitchell;Female;4/25/1987;08967-9869-3882;stephanie.mitchell_20@healthfirst.com
P021;Shirley Nelson;Female;10/06/1965;08357-4612-4578;shirley.nelson_21@healthfirst.com
P022;Daniel Miller;Male;10/06/1997;08854-6433-8670;daniel.miller_22@healthfirst.com
P023;Stephen Robinson;Male;05/11/1952;08888-3030-2974;stephen.robinson_23@healthfirst.com
P024;Jerry Green;Male;4/29/1976;08409-4571-9724;jerry.green_24@healthfirst.com
P025;Ronald Young;Male;10/21/1994;08521-4607-5564;ronald.young_25@healthfirst.com
P026;Sandra Adams;Female;10/20/1968;08627-7156-4126;sandra.adams_26@healthfirst.com
P027;Helen Gonzalez;Female;9/18/1963;08919-8541-4078;helen.gonzalez_27@healthfirst.com
P028;Helen Williams;Female;8/27/2001;08977-9631-4215;helen.williams_28@healthfirst.com
P029;Amanda Williams;Female;1/28/1958;08723-8960-5364;amanda.williams_29@healthfirst.com
P030;Emily Scott;Female;9/23/1999;08206-5426-1775;emily.scott_30@healthfirst.com
P031;thor;Male;12/01/2024;0811-9822-828;thor2342@gmail.com
P032;Iron Man;Male;12/23/2019;12123;ironman@myspace.com
